,min,max
clonesize,10.0,40.0
honeybee,0.0,18.43
bumbles,0.0,0.585
andrena,0.0,0.75
osmia,0.0,0.75
averageofuppertrange,58.2,79.0
averageoflowertrange,41.2,55.9
averagerainingdays,0.06,0.56
fruitset,0.192731658,0.652144089
fruitmass,0.311920972,0.535660479
seeds,22.07919927,46.58510536
yield,1637.704022,8969.401842
